{
  "Name": "UseTime",
  "Version": "0.1.0",
  "Factory Info": {
    "Vendor": "colon_gt",
    "URL": "",
    "E-Mail": "",
    "Flags": {
      "Unicode": true,
      "Classes Discardable": false,
      "Component Non Discardable": false,
    },
  },
  "Classes": [
    {
      "CID": "ABCDEF019182FAEB4D616E754155504C",
      "Category": "Audio Module Class",
      "Name": "UseTime",
      "Vendor": "colon_gt",
      "Version": "0.1.0",
      "SDKVersion": "VST 3.7.8",
      "Sub Categories": [
        "Fx",
      ],
      "Class Flags": 0,
      "Cardinality": 2147483647,
      "Snapshots": [
      ],
    },
    {
      "CID": "ABCDEF011234ABCD4D616E754155504C",
      "Category": "Component Controller Class",
      "Name": "UseTime",
      "Vendor": "colon_gt",
      "Version": "0.1.0",
      "SDKVersion": "VST 3.7.8",
      "Sub Categories": [
        "Fx",
      ],
      "Class Flags": 0,
      "Cardinality": 2147483647,
      "Snapshots": [
      ],
    },
    {
      "CID": "ABCDEF01C0DEF00D4D616E754155504C",
      "Category": "Plugin Compatibility Class",
      "Name": "UseTime",
      "Vendor": "colon_gt",
      "Version": "0.1.0",
      "SDKVersion": "VST 3.7.8",
      "Class Flags": 0,
      "Cardinality": 2147483647,
      "Snapshots": [
      ],
    },
  ],
}